Sale_ID,Date,Product_ID,Customer_ID,Region,Quantity,Sales_Amount
1,2024-01-01,7,7,West,6,364.25
2,2024-01-02,20,82,North,7,152.26
3,2024-01-03,15,91,North,9,260.17
4,2024-01-04,11,34,South,5,32.75
5,2024-01-05,8,91,South,9,105.36
6,2024-01-06,7,17,West,4,39.56
7,2024-01-07,19,43,South,2,49.84
8,2024-01-08,11,59,South,3,237.44
9,2024-01-09,11,51,West,1,269.24
10,2024-01-10,4,54,South,6,386.65
11,2024-01-11,8,24,East,6,325.41
12,2024-01-12,3,25,North,1,155.58
13,2024-01-13,2,71,North,3,468.83
14,2024-01-14,12,52,North,5,230.87
15,2024-01-15,6,70,North,3,100.47
16,2024-01-16,2,88,West,3,72.44
17,2024-01-17,1,33,North,3,220.7
18,2024-01-18,12,49,North,5,92.65
19,2024-01-19,12,29,North,5,26.63
20,2024-01-20,17,63,North,4,475.52
21,2024-01-21,10,22,East,1,257.76
22,2024-01-22,16,26,North,5,337.24
23,2024-01-23,15,28,East,5,339.27
24,2024-01-24,15,85,West,4,201.04
25,2024-01-25,19,49,South,6,242.92
26,2024-01-26,12,71,North,4,252.34
27,2024-01-27,20,81,South,7,394.28
28,2024-01-28,3,84,South,7,331.52
29,2024-01-29,5,49,West,2,221.24
30,2024-01-30,19,20,South,3,133.37
31,2024-01-31,7,86,East,1,334.07
32,2024-02-01,9,92,South,8,402.92
33,2024-02-02,7,63,South,9,255.17
34,2024-02-03,18,61,South,4,389.21
35,2024-02-04,4,49,North,6,62.97
36,2024-02-05,14,71,North,9,362.29
37,2024-02-06,18,1,East,6,316.66
38,2024-02-07,9,96,East,9,292.96
39,2024-02-08,2,13,North,4,135.67
40,2024-02-09,20,94,East,8,219.62
41,2024-02-10,15,87,North,9,490.77
42,2024-02-11,7,51,West,4,271.74
43,2024-02-12,12,56,South,5,32.68
44,2024-02-13,8,83,South,8,176.19
45,2024-02-14,15,62,East,6,112.88
46,2024-02-15,3,32,North,7,369.72
47,2024-02-16,14,30,North,3,99.3
48,2024-02-17,17,29,East,7,65.39
49,2024-02-18,4,49,North,8,380.88
50,2024-02-19,18,45,West,6,228.58
51,2024-02-20,8,93,South,9,210.22
52,2024-02-21,4,30,East,6,310.91
53,2024-02-22,2,16,East,9,328.98
54,2024-02-23,6,40,North,4,390.01
55,2024-02-24,10,19,East,8,233.38
56,2024-02-25,4,18,West,4,157.87
57,2024-02-26,18,1,North,2,166.55
58,2024-02-27,12,78,North,9,21.73
59,2024-02-28,2,47,North,5,386.32
60,2024-02-29,10,66,North,4,445.83
61,2024-03-01,4,92,West,2,202.85
62,2024-03-02,14,94,North,1,291.59
63,2024-03-03,16,38,East,7,473.5
64,2024-03-04,15,51,West,6,185.34
65,2024-03-05,8,63,South,2,439.14
66,2024-03-06,14,4,South,8,449.34
67,2024-03-07,8,1,East,4,393.6
68,2024-03-08,16,8,East,8,22.08
69,2024-03-09,13,29,West,7,298.49
70,2024-03-10,18,55,South,5,443.29
71,2024-03-11,15,3,South,8,361.95
72,2024-03-12,13,32,South,9,349.14
73,2024-03-13,9,10,South,5,309.41
74,2024-03-14,15,74,South,5,239.13
75,2024-03-15,13,83,North,2,188.06
76,2024-03-16,1,34,East,5,189.56
77,2024-03-17,7,97,North,3,163.21
78,2024-03-18,9,87,South,7,303.44
79,2024-03-19,1,55,West,5,47.62
80,2024-03-20,12,92,West,8,304.54
81,2024-03-21,8,32,South,1,325.35
82,2024-03-22,11,50,South,3,435.08
83,2024-03-23,19,7,West,3,65.28
84,2024-03-24,17,93,North,9,61.24
85,2024-03-25,8,8,North,5,330.36
86,2024-03-26,3,65,South,9,116.71
87,2024-03-27,3,57,North,9,294.01
88,2024-03-28,1,67,West,1,213.46
89,2024-03-29,5,88,North,2,152.05
90,2024-03-30,10,87,South,5,47.94
91,2024-03-31,7,59,West,4,348.66
92,2024-04-01,9,72,North,9,258.35
93,2024-04-02,7,54,East,7,376.98
94,2024-04-03,9,67,West,6,29.26
95,2024-04-04,8,51,West,7,42.77
96,2024-04-05,12,97,East,1,72.26
97,2024-04-06,2,92,East,1,26.03
98,2024-04-07,1,8,West,8,499.28
99,2024-04-08,16,34,East,2,485.81
100,2024-04-09,5,35,South,9,301.86
101,2024-04-10,3,96,South,7,154.88
102,2024-04-11,12,88,South,6,262.33
103,2024-04-12,8,78,West,1,58.88
104,2024-04-13,3,32,East,1,142.25
105,2024-04-14,1,46,East,2,296.2
106,2024-04-15,3,16,North,6,142.57
107,2024-04-16,5,68,North,6,480.33
108,2024-04-17,15,37,East,2,257.17
109,2024-04-18,14,54,East,1,338.44
110,2024-04-19,3,85,East,5,246.4
111,2024-04-20,1,14,West,5,206.31
112,2024-04-21,5,95,East,2,250.02
113,2024-04-22,14,55,North,6,187.12
114,2024-04-23,7,48,West,9,47.15
115,2024-04-24,9,82,East,2,484.56
116,2024-04-25,15,7,North,2,318.24
117,2024-04-26,15,74,West,3,116.01
118,2024-04-27,10,7,East,7,27.43
119,2024-04-28,13,33,East,6,35.89
120,2024-04-29,19,23,East,8,127.74
121,2024-04-30,7,85,West,8,265.63
122,2024-05-01,17,19,North,6,400.66
123,2024-05-02,20,19,North,3,293.42
124,2024-05-03,4,36,South,3,499.48
125,2024-05-04,5,29,East,1,210.14
126,2024-05-05,7,60,South,7,283.66
127,2024-05-06,13,82,South,5,41.25
128,2024-05-07,15,2,North,4,320.48
129,2024-05-08,11,1,West,4,486.67
130,2024-05-09,4,47,West,4,472.87
131,2024-05-10,13,69,North,6,163.62
132,2024-05-11,7,20,West,8,91.71
133,2024-05-12,19,11,South,8,157.42
134,2024-05-13,2,2,East,5,454.4
135,2024-05-14,10,67,North,6,344.47
136,2024-05-15,13,87,East,4,338.61
137,2024-05-16,6,12,West,9,499.68
138,2024-05-17,12,20,East,8,197.07
139,2024-05-18,12,5,West,1,31.58
140,2024-05-19,20,37,West,2,336.59
141,2024-05-20,11,38,South,9,304.86
142,2024-05-21,7,94,West,8,143.84
143,2024-05-22,1,9,South,3,243.56
144,2024-05-23,1,98,South,8,130.24
145,2024-05-24,20,53,South,1,186.01
146,2024-05-25,13,44,North,4,27.12
147,2024-05-26,9,99,North,3,158.82
148,2024-05-27,3,86,West,6,289.26
149,2024-05-28,7,24,South,7,24.63
150,2024-05-29,6,81,North,4,373.48
151,2024-05-30,8,74,South,7,396.14
152,2024-05-31,9,30,East,9,149.53
153,2024-06-01,5,59,East,2,172.82
154,2024-06-02,1,87,East,3,72.0
155,2024-06-03,19,96,West,5,20.16
156,2024-06-04,10,81,South,3,60.35
157,2024-06-05,12,81,East,8,296.93
158,2024-06-06,15,14,North,8,97.46
159,2024-06-07,9,9,East,8,135.43
160,2024-06-08,20,40,East,9,409.92
161,2024-06-09,17,66,East,4,432.43
162,2024-06-10,17,25,West,5,175.14
163,2024-06-11,20,73,North,5,241.27
164,2024-06-12,12,22,South,8,124.05
165,2024-06-13,7,4,North,7,67.44
166,2024-06-14,2,26,South,9,279.84
167,2024-06-15,3,58,West,8,263.2
168,2024-06-16,17,29,West,2,376.23
169,2024-06-17,5,98,West,4,104.95
170,2024-06-18,17,87,West,6,101.02
171,2024-06-19,17,37,South,2,166.93
172,2024-06-20,17,75,East,7,456.15
173,2024-06-21,2,70,South,3,218.55
174,2024-06-22,2,18,North,3,152.67
175,2024-06-23,5,85,West,2,225.12
176,2024-06-24,1,42,West,8,476.82
177,2024-06-25,1,100,North,6,244.84
178,2024-06-26,19,41,South,1,414.58
179,2024-06-27,2,38,East,1,55.26
180,2024-06-28,12,34,East,7,136.72
181,2024-06-29,6,17,North,8,134.04
182,2024-06-30,4,37,East,5,194.86
183,2024-07-01,11,25,South,5,232.84
184,2024-07-02,17,76,South,4,229.44
185,2024-07-03,6,87,North,6,224.22
186,2024-07-04,5,86,South,6,263.35
187,2024-07-05,20,85,West,3,204.97
188,2024-07-06,2,27,North,9,105.13
189,2024-07-07,6,57,South,7,448.23
190,2024-07-08,11,31,North,1,493.01
191,2024-07-09,16,6,East,7,307.73
192,2024-07-10,16,91,South,5,297.53
193,2024-07-11,1,40,West,5,93.03
194,2024-07-12,9,98,South,2,376.14
195,2024-07-13,6,12,North,4,214.72
196,2024-07-14,16,53,North,6,429.15
197,2024-07-15,3,71,South,7,418.39
198,2024-07-16,20,10,West,5,89.71
199,2024-07-17,4,45,West,9,312.93
200,2024-07-18,19,17,West,3,285.93
201,2024-07-19,3,26,North,1,140.88
202,2024-07-20,19,85,South,4,65.69
203,2024-07-21,20,92,East,9,210.94
204,2024-07-22,7,62,North,4,492.47
205,2024-07-23,20,46,West,2,114.27
206,2024-07-24,9,64,South,5,58.99
207,2024-07-25,1,2,West,3,68.71
208,2024-07-26,8,54,East,9,20.18
209,2024-07-27,7,65,West,4,411.36
210,2024-07-28,18,51,West,6,86.1
211,2024-07-29,8,53,East,2,189.11
212,2024-07-30,1,36,South,6,33.22
213,2024-07-31,11,26,North,3,125.9
214,2024-08-01,18,29,South,9,83.56
215,2024-08-02,10,21,East,2,451.21
216,2024-08-03,3,11,West,9,380.94
217,2024-08-04,7,40,South,5,476.09
218,2024-08-05,16,11,North,8,385.55
219,2024-08-06,16,36,East,2,168.95
220,2024-08-07,20,59,South,6,440.88
221,2024-08-08,17,39,North,3,464.26
222,2024-08-09,2,99,East,5,271.51
223,2024-08-10,1,54,North,8,431.82
224,2024-08-11,16,98,East,1,156.4
225,2024-08-12,12,55,West,5,197.4
226,2024-08-13,5,24,South,3,447.33
227,2024-08-14,5,22,North,4,396.47
228,2024-08-15,9,69,East,2,474.75
229,2024-08-16,9,56,North,9,25.16
230,2024-08-17,3,33,North,3,396.69
231,2024-08-18,19,36,South,2,225.72
232,2024-08-19,16,20,West,9,254.91
233,2024-08-20,16,83,North,7,287.95
234,2024-08-21,3,99,East,6,498.83
235,2024-08-22,20,81,East,1,352.74
236,2024-08-23,1,62,West,5,111.66
237,2024-08-24,20,98,East,3,167.64
238,2024-08-25,11,73,West,1,366.03
239,2024-08-26,17,26,East,4,288.84
240,2024-08-27,8,66,South,2,442.02
241,2024-08-28,4,73,North,2,169.98
242,2024-08-29,6,73,South,3,375.49
243,2024-08-30,8,40,North,8,143.3
244,2024-08-31,20,17,North,8,137.21
245,2024-09-01,3,1,North,7,357.33
246,2024-09-02,16,89,South,6,435.73
247,2024-09-03,3,61,North,9,387.28
248,2024-09-04,18,43,South,4,118.76
249,2024-09-05,14,42,West,1,336.44
250,2024-09-06,18,25,East,8,485.43
251,2024-09-07,2,39,East,7,52.86
252,2024-09-08,3,35,North,7,445.36
253,2024-09-09,16,3,South,3,382.49
254,2024-09-10,9,44,East,4,227.13
255,2024-09-11,4,51,South,9,301.92
256,2024-09-12,1,94,South,6,224.23
257,2024-09-13,4,98,North,5,50.77
258,2024-09-14,1,12,East,3,466.87
259,2024-09-15,14,19,North,9,71.16
260,2024-09-16,16,44,North,5,379.04
261,2024-09-17,20,59,East,5,469.37
262,2024-09-18,8,49,East,4,96.61
263,2024-09-19,7,61,West,4,186.08
264,2024-09-20,3,17,West,1,152.84
265,2024-09-21,17,74,South,7,133.22
266,2024-09-22,1,57,East,9,186.11
267,2024-09-23,16,55,West,3,133.97
268,2024-09-24,12,47,South,2,256.53
269,2024-09-25,19,12,South,3,48.28
270,2024-09-26,14,62,South,1,359.57
271,2024-09-27,6,80,West,6,248.45
272,2024-09-28,6,88,East,7,457.07
273,2024-09-29,13,83,North,2,497.83
274,2024-09-30,19,8,South,8,171.43
275,2024-10-01,8,95,West,6,290.82
276,2024-10-02,2,21,West,4,188.32
277,2024-10-03,1,81,North,5,251.52
278,2024-10-04,15,87,North,8,346.16
279,2024-10-05,1,80,West,3,486.65
280,2024-10-06,5,70,East,3,318.43
281,2024-10-07,16,72,North,4,110.32
282,2024-10-08,19,25,West,1,140.69
283,2024-10-09,4,82,North,9,492.87
284,2024-10-10,3,89,East,8,75.56
285,2024-10-11,17,12,South,8,221.98
286,2024-10-12,17,15,North,6,64.03
287,2024-10-13,12,59,East,7,468.52
288,2024-10-14,14,26,West,6,216.75
289,2024-10-15,6,26,North,9,127.43
290,2024-10-16,3,47,North,3,63.39
291,2024-10-17,9,32,West,3,390.1
292,2024-10-18,5,10,South,3,363.83
293,2024-10-19,17,16,West,3,288.34
294,2024-10-20,14,71,North,9,293.84
295,2024-10-21,3,17,West,4,329.95
296,2024-10-22,1,23,East,7,155.46
297,2024-10-23,20,26,West,9,347.25
298,2024-10-24,1,85,North,7,447.54
299,2024-10-25,3,86,West,9,377.37
300,2024-10-26,18,7,South,3,307.33
301,2024-10-27,10,14,West,4,174.92
302,2024-10-28,3,79,South,8,59.8
303,2024-10-29,8,7,East,6,253.19
304,2024-10-30,14,9,South,5,64.1
305,2024-10-31,18,48,West,4,181.26
306,2024-11-01,15,72,North,8,158.24
307,2024-11-02,2,59,South,1,452.13
308,2024-11-03,10,87,East,9,132.85
309,2024-11-04,2,93,South,1,334.22
310,2024-11-05,17,82,South,8,465.98
311,2024-11-06,8,95,South,4,419.58
312,2024-11-07,1,94,East,9,449.75
313,2024-11-08,9,39,West,5,105.85
314,2024-11-09,11,99,South,3,438.96
315,2024-11-10,16,18,South,9,323.2
316,2024-11-11,7,59,North,9,258.11
317,2024-11-12,10,17,East,4,30.92
318,2024-11-13,3,14,South,4,46.95
319,2024-11-14,18,31,East,8,166.51
320,2024-11-15,13,24,South,2,408.74
321,2024-11-16,7,99,West,9,121.38
322,2024-11-17,4,60,West,6,387.04
323,2024-11-18,13,45,South,9,349.69
324,2024-11-19,20,98,West,8,90.32
325,2024-11-20,1,3,South,7,379.4
326,2024-11-21,8,37,West,1,320.13
327,2024-11-22,14,43,North,3,366.98
328,2024-11-23,16,40,North,2,192.79
329,2024-11-24,14,90,North,5,342.42
330,2024-11-25,12,55,East,5,285.59
331,2024-11-26,19,87,East,5,65.78
332,2024-11-27,15,39,North,4,163.23
333,2024-11-28,2,15,East,5,212.43
334,2024-11-29,2,4,West,3,223.21
335,2024-11-30,19,93,South,1,104.68
336,2024-12-01,17,86,South,5,489.0
337,2024-12-02,20,25,South,9,377.38
338,2024-12-03,10,13,North,9,225.75
339,2024-12-04,6,82,East,4,243.22
340,2024-12-05,15,33,West,3,165.18
341,2024-12-06,11,16,West,1,21.37
342,2024-12-07,5,42,North,2,389.76
343,2024-12-08,1,66,West,8,443.75
344,2024-12-09,8,55,West,1,78.28
345,2024-12-10,12,99,West,8,324.39
346,2024-12-11,12,42,West,7,148.63
347,2024-12-12,5,34,East,8,167.91
348,2024-12-13,7,30,West,6,137.1
349,2024-12-14,4,13,South,9,364.36
350,2024-12-15,6,13,North,3,202.11
351,2024-12-16,13,18,East,4,129.48
352,2024-12-17,20,32,West,6,285.42
353,2024-12-18,15,96,East,8,482.69
354,2024-12-19,3,99,West,5,454.94
355,2024-12-20,8,39,South,3,403.14
356,2024-12-21,20,46,North,6,100.93
357,2024-12-22,16,29,West,4,65.79
358,2024-12-23,13,62,West,9,273.91
359,2024-12-24,18,93,West,3,177.42
360,2024-12-25,10,62,West,4,77.38
361,2024-12-26,19,57,North,7,65.06
362,2024-12-27,17,16,North,7,486.73
363,2024-12-28,19,56,South,4,65.43
364,2024-12-29,5,10,North,6,243.91
365,2024-12-30,9,30,West,3,451.49
366,2024-12-31,12,25,South,6,128.75
367,2025-01-01,1,84,South,2,338.06
368,2025-01-02,1,5,South,8,268.12
369,2025-01-03,15,65,West,2,152.44
370,2025-01-04,2,94,East,7,233.34
371,2025-01-05,16,49,West,9,415.47
372,2025-01-06,8,3,North,1,44.01
373,2025-01-07,13,45,North,8,205.37
374,2025-01-08,1,14,West,7,26.55
375,2025-01-09,16,30,West,6,68.91
376,2025-01-10,7,68,South,6,134.97
377,2025-01-11,5,18,West,6,154.37
378,2025-01-12,3,62,South,9,355.03
379,2025-01-13,12,37,North,2,119.33
380,2025-01-14,16,25,South,1,471.2
381,2025-01-15,19,48,West,6,445.04
382,2025-01-16,5,65,North,8,329.7
383,2025-01-17,14,53,East,3,21.77
384,2025-01-18,5,79,South,1,427.56
385,2025-01-19,15,73,North,9,410.43
386,2025-01-20,17,15,South,1,408.83
387,2025-01-21,14,49,North,3,413.44
388,2025-01-22,20,88,North,8,197.71
389,2025-01-23,5,68,South,3,292.15
390,2025-01-24,12,12,East,4,370.67
391,2025-01-25,16,59,North,8,153.77
392,2025-01-26,16,37,North,1,385.7
393,2025-01-27,7,61,North,6,314.57
394,2025-01-28,4,43,East,1,170.3
395,2025-01-29,1,70,East,1,130.76
396,2025-01-30,5,39,West,8,141.12
397,2025-01-31,10,56,South,4,30.49
398,2025-02-01,5,63,East,1,238.48
399,2025-02-02,4,46,South,7,293.73
400,2025-02-03,2,88,West,5,362.18
401,2025-02-04,20,11,South,5,481.96
402,2025-02-05,10,62,East,1,490.77
403,2025-02-06,19,77,South,6,495.46
404,2025-02-07,1,98,East,9,421.64
405,2025-02-08,5,25,South,9,215.57
406,2025-02-09,13,71,East,8,203.78
407,2025-02-10,4,52,East,5,342.05
408,2025-02-11,16,4,South,1,48.73
409,2025-02-12,16,59,West,9,397.3
410,2025-02-13,2,72,North,1,382.79
411,2025-02-14,17,20,West,8,24.77
412,2025-02-15,20,93,South,5,187.14
413,2025-02-16,12,63,West,3,107.38
414,2025-02-17,18,54,East,7,416.97
415,2025-02-18,3,74,North,7,446.61
416,2025-02-19,1,98,South,9,386.9
417,2025-02-20,1,57,South,7,399.31
418,2025-02-21,19,90,South,3,158.74
419,2025-02-22,11,41,North,1,400.1
420,2025-02-23,5,3,East,8,106.36
421,2025-02-24,12,6,South,3,34.33
422,2025-02-25,3,5,West,8,238.78
423,2025-02-26,1,5,South,8,281.5
424,2025-02-27,1,54,South,5,233.72
425,2025-02-28,8,47,South,1,384.0
426,2025-03-01,10,87,South,7,283.96
427,2025-03-02,11,49,East,5,213.13
428,2025-03-03,12,9,West,8,255.51
429,2025-03-04,13,99,East,9,250.25
430,2025-03-05,12,20,West,7,448.17
431,2025-03-06,14,61,South,7,259.55
432,2025-03-07,2,35,North,1,232.26
433,2025-03-08,19,50,East,4,45.15
434,2025-03-09,18,82,North,2,282.14
435,2025-03-10,3,62,East,2,416.24
436,2025-03-11,17,17,South,2,76.81
437,2025-03-12,8,88,East,4,110.06
438,2025-03-13,10,3,South,1,499.48
439,2025-03-14,2,32,East,4,315.51
440,2025-03-15,19,99,South,2,61.12
441,2025-03-16,9,13,South,5,479.37
442,2025-03-17,7,89,West,3,403.35
443,2025-03-18,4,73,South,8,329.89
444,2025-03-19,18,68,West,4,235.3
445,2025-03-20,13,14,South,1,432.37
446,2025-03-21,11,98,North,1,377.85
447,2025-03-22,4,11,South,3,498.79
448,2025-03-23,4,56,North,9,143.11
449,2025-03-24,10,67,North,7,264.3
450,2025-03-25,5,92,South,2,449.89
451,2025-03-26,9,29,North,9,468.05
452,2025-03-27,3,9,West,2,367.39
453,2025-03-28,17,67,East,3,328.68
454,2025-03-29,3,25,South,2,429.84
455,2025-03-30,16,98,North,3,423.3
456,2025-03-31,4,76,South,6,86.54
457,2025-04-01,18,42,West,9,210.0
458,2025-04-02,17,9,South,9,80.46
459,2025-04-03,7,79,South,7,452.59
460,2025-04-04,5,40,North,3,69.21
461,2025-04-05,12,25,West,4,135.19
462,2025-04-06,17,5,East,6,201.1
463,2025-04-07,13,11,East,5,223.69
464,2025-04-08,3,59,North,2,22.06
465,2025-04-09,9,98,South,6,478.15
466,2025-04-10,17,88,North,3,291.26
467,2025-04-11,17,79,North,8,153.15
468,2025-04-12,20,38,North,2,48.79
469,2025-04-13,16,72,South,1,148.5
470,2025-04-14,13,5,West,9,186.79
471,2025-04-15,19,48,North,3,240.63
472,2025-04-16,17,90,South,1,244.4
473,2025-04-17,4,18,West,7,40.93
474,2025-04-18,12,70,North,5,109.03
475,2025-04-19,9,37,East,5,48.27
476,2025-04-20,19,60,West,1,46.6
477,2025-04-21,12,48,North,9,123.72
478,2025-04-22,9,77,West,7,431.98
479,2025-04-23,7,28,West,8,219.62
480,2025-04-24,14,69,West,9,246.34
481,2025-04-25,20,77,West,6,231.54
482,2025-04-26,19,81,West,5,310.41
483,2025-04-27,15,40,West,6,175.66
484,2025-04-28,16,45,North,2,114.69
485,2025-04-29,5,96,East,4,219.77
486,2025-04-30,3,62,South,3,431.64
487,2025-05-01,12,93,West,7,331.66
488,2025-05-02,20,58,South,9,199.02
489,2025-05-03,4,67,North,5,127.11
490,2025-05-04,16,56,West,6,131.86
491,2025-05-05,7,40,East,2,350.74
492,2025-05-06,13,98,South,3,172.6
493,2025-05-07,10,40,West,3,155.03
494,2025-05-08,7,91,North,9,177.67
495,2025-05-09,14,77,East,7,336.22
496,2025-05-10,5,33,South,8,233.76
497,2025-05-11,3,6,South,9,365.31
498,2025-05-12,11,88,West,6,21.62
499,2025-05-13,11,19,East,4,31.33
500,2025-05-14,18,80,East,1,324.02
501,2025-05-15,15,40,East,8,196.49
502,2025-05-16,12,92,East,7,283.19
503,2025-05-17,9,97,North,2,469.27
504,2025-05-18,10,59,East,8,86.1
505,2025-05-19,12,59,South,5,294.05
506,2025-05-20,17,48,South,7,378.83
507,2025-05-21,6,41,North,4,73.59
508,2025-05-22,7,13,South,5,480.34
509,2025-05-23,14,45,South,8,58.75
510,2025-05-24,13,89,East,1,343.08
511,2025-05-25,8,53,South,1,348.03
512,2025-05-26,10,42,North,4,304.48
513,2025-05-27,9,100,East,3,423.95
514,2025-05-28,18,63,West,2,485.65
515,2025-05-29,2,27,East,3,397.27
516,2025-05-30,5,38,North,1,327.25
517,2025-05-31,5,60,East,1,461.26
518,2025-06-01,6,7,East,6,364.99
519,2025-06-02,19,5,North,5,442.64
520,2025-06-03,8,45,East,8,150.83
521,2025-06-04,16,58,North,2,378.2
522,2025-06-05,13,31,North,4,339.86
523,2025-06-06,1,23,West,8,81.23
524,2025-06-07,20,42,South,6,243.16
525,2025-06-08,17,10,South,1,313.27
526,2025-06-09,7,32,East,4,329.16
527,2025-06-10,13,53,East,1,213.74
528,2025-06-11,4,30,West,2,63.19
529,2025-06-12,4,39,West,5,229.76
530,2025-06-13,6,31,West,8,129.93
531,2025-06-14,19,82,North,8,30.39
532,2025-06-15,12,100,West,3,249.19
533,2025-06-16,7,2,West,4,65.55
534,2025-06-17,10,78,East,6,83.93
535,2025-06-18,19,77,West,3,311.85
536,2025-06-19,7,93,North,2,196.84
537,2025-06-20,3,12,North,6,471.2
538,2025-06-21,13,39,East,5,78.5
539,2025-06-22,13,66,West,5,445.53
540,2025-06-23,18,96,West,5,193.36
541,2025-06-24,20,13,North,5,86.95
542,2025-06-25,8,46,West,3,463.03
543,2025-06-26,9,27,West,7,260.79
544,2025-06-27,7,17,West,6,61.56
545,2025-06-28,1,95,South,4,448.18
546,2025-06-29,3,98,East,2,297.01
547,2025-06-30,13,60,South,9,211.16
548,2025-07-01,17,64,East,1,283.1
549,2025-07-02,1,88,North,4,60.8
550,2025-07-03,6,35,West,1,404.16
551,2025-07-04,6,70,East,6,407.19
552,2025-07-05,12,83,South,4,322.85
553,2025-07-06,13,30,West,5,308.49
554,2025-07-07,13,71,North,5,81.95
555,2025-07-08,15,74,East,9,355.68
556,2025-07-09,16,96,East,1,420.39
557,2025-07-10,11,98,East,2,460.99
558,2025-07-11,5,63,West,6,420.73
559,2025-07-12,4,28,South,5,297.2
560,2025-07-13,3,60,South,7,473.09
561,2025-07-14,19,79,East,3,462.82
562,2025-07-15,20,94,North,3,122.94
563,2025-07-16,18,37,North,2,133.11
564,2025-07-17,15,93,South,3,423.38
565,2025-07-18,9,22,North,1,235.8
566,2025-07-19,17,68,South,5,307.02
567,2025-07-20,14,20,East,5,113.45
568,2025-07-21,15,96,South,7,443.48
569,2025-07-22,1,100,South,4,123.67
570,2025-07-23,3,68,East,3,350.45
571,2025-07-24,16,91,North,1,365.83
572,2025-07-25,11,64,South,8,126.99
573,2025-07-26,12,17,South,3,72.32
574,2025-07-27,10,12,East,2,88.46
575,2025-07-28,16,22,North,4,207.86
576,2025-07-29,8,17,South,3,118.56
577,2025-07-30,6,10,East,1,473.32
578,2025-07-31,12,65,South,3,480.45
579,2025-08-01,8,22,West,2,316.82
580,2025-08-02,4,90,East,8,95.98
581,2025-08-03,8,82,North,6,338.08
582,2025-08-04,18,50,North,9,54.1
583,2025-08-05,5,14,North,8,447.96
584,2025-08-06,9,64,North,3,65.1
585,2025-08-07,4,47,South,5,415.73
586,2025-08-08,17,29,South,7,120.21
587,2025-08-09,9,76,North,5,32.88
588,2025-08-10,1,36,North,8,321.28
589,2025-08-11,20,99,North,5,442.18
590,2025-08-12,13,52,South,1,92.6
591,2025-08-13,16,76,North,5,396.72
592,2025-08-14,13,7,North,4,385.56
593,2025-08-15,14,29,West,6,99.85
594,2025-08-16,3,11,West,3,308.53
595,2025-08-17,6,33,North,5,329.17
596,2025-08-18,18,6,East,2,52.28
597,2025-08-19,19,79,North,6,287.93
598,2025-08-20,5,32,West,6,184.8
599,2025-08-21,15,51,East,5,109.3
600,2025-08-22,2,75,East,6,390.19
601,2025-08-23,10,58,North,7,239.09
602,2025-08-24,18,87,West,5,193.28
603,2025-08-25,13,26,West,1,482.39
604,2025-08-26,5,98,East,8,436.27
605,2025-08-27,1,46,North,4,408.49
606,2025-08-28,1,98,South,9,281.64
607,2025-08-29,18,29,South,6,22.35
608,2025-08-30,15,4,West,1,228.42
609,2025-08-31,17,81,South,3,234.09
610,2025-09-01,11,99,West,3,120.23
611,2025-09-02,17,13,West,4,138.5
612,2025-09-03,13,39,West,6,270.47
613,2025-09-04,1,15,South,7,330.72
614,2025-09-05,2,29,West,4,122.4
615,2025-09-06,9,29,East,6,455.03
616,2025-09-07,3,75,North,1,254.23
617,2025-09-08,1,32,North,8,333.28
618,2025-09-09,16,2,West,7,127.68
619,2025-09-10,6,47,North,9,384.93
620,2025-09-11,17,78,South,3,310.58
621,2025-09-12,5,84,South,2,399.2
622,2025-09-13,5,22,North,1,163.76
623,2025-09-14,6,75,South,3,430.26
624,2025-09-15,3,27,North,5,389.86
625,2025-09-16,5,67,North,2,242.01
626,2025-09-17,5,81,North,3,215.94
627,2025-09-18,10,56,West,4,154.48
628,2025-09-19,10,92,North,7,166.33
629,2025-09-20,19,93,West,3,493.88
630,2025-09-21,17,21,North,9,220.62
631,2025-09-22,14,47,North,8,362.06
632,2025-09-23,9,80,North,4,393.8
633,2025-09-24,14,59,South,1,103.36
634,2025-09-25,1,84,West,1,485.4
635,2025-09-26,19,6,West,1,432.43
636,2025-09-27,13,19,North,1,135.41
637,2025-09-28,13,57,North,8,313.14
638,2025-09-29,4,69,South,3,92.62
639,2025-09-30,1,3,South,6,391.44
640,2025-10-01,17,1,South,3,314.67
641,2025-10-02,8,58,West,5,48.54
642,2025-10-03,2,38,West,7,107.32
643,2025-10-04,8,15,West,2,221.65
644,2025-10-05,7,34,North,6,336.13
645,2025-10-06,2,61,West,6,421.48
646,2025-10-07,3,35,East,3,484.21
647,2025-10-08,18,64,East,6,272.49
648,2025-10-09,12,25,South,5,427.19
649,2025-10-10,1,24,West,2,356.3
650,2025-10-11,12,12,East,9,323.86
651,2025-10-12,5,18,South,8,111.49
652,2025-10-13,17,15,West,3,360.91
653,2025-10-14,16,80,North,8,454.86
654,2025-10-15,15,27,East,9,172.96
655,2025-10-16,15,72,North,3,416.13
656,2025-10-17,5,60,West,3,365.85
657,2025-10-18,14,46,East,2,224.69
658,2025-10-19,2,89,West,8,362.83
659,2025-10-20,11,17,North,1,94.84
660,2025-10-21,19,93,East,8,318.69
661,2025-10-22,7,53,North,7,262.71
662,2025-10-23,6,8,West,7,68.42
663,2025-10-24,2,79,West,3,320.26
664,2025-10-25,6,27,North,1,255.61
665,2025-10-26,18,46,East,4,199.25
666,2025-10-27,2,50,North,9,138.79
667,2025-10-28,18,71,West,5,236.86
668,2025-10-29,15,3,North,1,376.71
669,2025-10-30,19,93,West,5,414.87
670,2025-10-31,2,64,North,8,274.93
671,2025-11-01,20,44,East,8,144.11
672,2025-11-02,6,53,East,5,196.84
673,2025-11-03,1,24,North,9,324.82
674,2025-11-04,15,60,North,1,425.96
675,2025-11-05,10,3,East,4,401.76
676,2025-11-06,19,20,West,3,223.7
677,2025-11-07,17,46,East,2,174.95
678,2025-11-08,5,15,West,8,409.84
679,2025-11-09,4,25,North,7,255.15
680,2025-11-10,10,94,North,9,61.6
681,2025-11-11,17,78,West,2,340.77
682,2025-11-12,10,71,North,4,70.01
683,2025-11-13,17,17,West,6,46.17
684,2025-11-14,20,84,South,3,485.89
685,2025-11-15,5,100,East,8,93.98
686,2025-11-16,2,9,South,3,205.48
687,2025-11-17,6,38,West,2,371.77
688,2025-11-18,2,48,East,3,53.72
689,2025-11-19,13,60,West,6,468.34
690,2025-11-20,11,63,East,2,209.59
691,2025-11-21,11,86,East,8,160.18
692,2025-11-22,16,2,East,1,333.8
693,2025-11-23,11,88,East,7,75.87
694,2025-11-24,19,72,West,2,84.69
695,2025-11-25,15,11,East,6,52.7
696,2025-11-26,16,64,East,2,220.99
697,2025-11-27,11,77,South,2,33.79
698,2025-11-28,16,81,North,8,397.76
699,2025-11-29,8,72,North,2,288.07
700,2025-11-30,4,21,South,7,138.65
701,2025-12-01,8,18,South,3,125.21
702,2025-12-02,4,94,West,8,72.65
703,2025-12-03,3,64,West,7,68.16
704,2025-12-04,3,82,West,8,115.63
705,2025-12-05,18,95,South,7,273.6
706,2025-12-06,19,38,South,6,105.53
707,2025-12-07,19,32,East,7,102.88
708,2025-12-08,5,11,West,5,239.23
709,2025-12-09,18,45,West,7,374.52
710,2025-12-10,10,89,West,1,170.55
711,2025-12-11,6,33,North,1,139.44
712,2025-12-12,1,41,East,9,331.45
713,2025-12-13,5,8,West,5,416.07
714,2025-12-14,9,11,West,5,298.93
715,2025-12-15,12,86,West,3,317.42
716,2025-12-16,14,51,North,5,112.15
717,2025-12-17,2,88,North,3,429.54
718,2025-12-18,17,41,South,9,59.14
719,2025-12-19,14,17,East,9,416.37
720,2025-12-20,13,76,South,6,172.31
721,2025-12-21,9,46,East,1,186.12
722,2025-12-22,15,32,North,7,398.88
723,2025-12-23,15,79,West,7,218.75
724,2025-12-24,11,80,South,4,482.58
725,2025-12-25,16,54,West,8,140.66
726,2025-12-26,17,86,South,6,351.73
727,2025-12-27,4,92,North,4,40.15
728,2025-12-28,1,20,North,4,395.53
729,2025-12-29,8,33,North,2,466.93
730,2025-12-30,17,74,South,2,407.45
731,2025-12-31,3,40,East,4,365.49
732,2026-01-01,20,32,South,5,94.74
733,2026-01-02,15,97,East,8,145.17
734,2026-01-03,15,2,South,6,236.01
735,2026-01-04,14,97,South,4,157.42
736,2026-01-05,14,33,North,7,413.8
737,2026-01-06,2,77,West,8,358.1
738,2026-01-07,13,30,West,2,319.84
739,2026-01-08,14,33,East,7,324.87
740,2026-01-09,19,77,West,2,329.0
741,2026-01-10,7,26,South,2,117.28
742,2026-01-11,3,22,South,8,225.24
743,2026-01-12,15,66,North,2,465.97
744,2026-01-13,14,38,North,9,347.4
745,2026-01-14,11,90,West,1,366.41
746,2026-01-15,15,46,East,9,460.1
747,2026-01-16,13,15,West,1,414.11
748,2026-01-17,18,98,West,2,273.21
749,2026-01-18,6,44,West,6,87.35
750,2026-01-19,3,49,West,6,107.18
751,2026-01-20,19,75,South,1,468.14
752,2026-01-21,15,61,East,7,64.57
753,2026-01-22,5,67,South,8,267.41
754,2026-01-23,10,6,East,2,170.91
755,2026-01-24,7,9,North,8,35.94
756,2026-01-25,17,6,West,9,102.66
757,2026-01-26,7,73,South,6,224.13
758,2026-01-27,12,95,East,5,278.57
759,2026-01-28,17,32,North,9,166.51
760,2026-01-29,13,41,North,9,493.8
761,2026-01-30,20,76,West,1,397.58
762,2026-01-31,4,8,East,3,299.78
763,2026-02-01,10,72,South,9,102.85
764,2026-02-02,3,50,West,2,350.48
765,2026-02-03,9,92,South,4,299.89
766,2026-02-04,13,62,North,4,48.54
767,2026-02-05,18,84,South,2,86.54
768,2026-02-06,15,62,South,3,39.24
769,2026-02-07,4,7,West,3,286.28
770,2026-02-08,15,75,South,1,197.63
771,2026-02-09,2,84,West,6,309.64
772,2026-02-10,15,80,North,8,180.43
773,2026-02-11,8,4,West,3,64.32
774,2026-02-12,8,6,West,5,333.75
775,2026-02-13,17,58,East,1,51.95
776,2026-02-14,12,22,South,7,137.38
777,2026-02-15,19,26,North,1,462.81
778,2026-02-16,10,3,West,9,53.15
779,2026-02-17,9,41,North,8,420.14
780,2026-02-18,5,60,East,7,273.13
781,2026-02-19,6,14,South,7,468.6
782,2026-02-20,20,75,West,5,163.3
783,2026-02-21,2,82,South,5,333.87
784,2026-02-22,13,12,East,5,360.55
785,2026-02-23,6,87,East,1,195.82
786,2026-02-24,5,12,North,8,242.75
787,2026-02-25,1,13,West,1,235.57
788,2026-02-26,6,25,North,4,309.23
789,2026-02-27,6,45,East,9,51.21
790,2026-02-28,16,19,South,9,168.26
791,2026-03-01,4,55,North,5,372.28
792,2026-03-02,11,100,North,4,186.12
793,2026-03-03,9,45,South,3,284.25
794,2026-03-04,3,8,North,3,468.87
795,2026-03-05,19,93,South,5,452.28
796,2026-03-06,8,53,West,1,395.71
797,2026-03-07,5,55,South,5,214.91
798,2026-03-08,4,32,West,6,76.73
799,2026-03-09,6,51,South,7,343.32
800,2026-03-10,2,44,East,9,401.31
801,2026-03-11,20,82,East,3,22.17
802,2026-03-12,11,70,West,2,258.63
803,2026-03-13,4,18,West,3,22.21
804,2026-03-14,15,83,East,9,476.52
805,2026-03-15,6,22,West,7,384.87
806,2026-03-16,17,37,South,9,190.35
807,2026-03-17,6,96,South,2,123.2
808,2026-03-18,19,56,East,5,178.75
809,2026-03-19,2,59,North,4,409.89
810,2026-03-20,15,3,South,2,421.95
811,2026-03-21,11,28,West,9,177.81
812,2026-03-22,8,74,North,9,257.73
813,2026-03-23,19,35,North,6,194.05
814,2026-03-24,13,61,South,6,423.03
815,2026-03-25,12,93,South,8,305.2
816,2026-03-26,5,54,North,6,373.67
817,2026-03-27,6,63,North,1,425.44
818,2026-03-28,4,79,East,4,88.25
819,2026-03-29,19,97,West,7,107.28
820,2026-03-30,20,7,East,2,450.18
821,2026-03-31,1,76,South,9,498.71
822,2026-04-01,20,49,East,8,325.45
823,2026-04-02,17,94,East,8,212.62
824,2026-04-03,12,85,East,7,268.18
825,2026-04-04,15,31,East,4,378.12
826,2026-04-05,1,58,West,2,384.09
827,2026-04-06,14,61,West,3,226.31
828,2026-04-07,6,24,North,6,413.38
829,2026-04-08,5,20,South,5,174.38
830,2026-04-09,11,37,East,8,229.41
831,2026-04-10,4,4,North,6,166.97
832,2026-04-11,13,92,North,6,273.88
833,2026-04-12,11,20,North,1,487.03
834,2026-04-13,3,60,West,4,52.43
835,2026-04-14,1,24,East,5,214.44
836,2026-04-15,6,50,East,3,270.03
837,2026-04-16,18,49,South,9,48.48
838,2026-04-17,10,51,East,1,111.33
839,2026-04-18,5,96,East,6,77.53
840,2026-04-19,10,36,North,6,42.66
841,2026-04-20,12,98,South,5,443.66
842,2026-04-21,2,100,East,5,485.05
843,2026-04-22,13,66,West,5,58.95
844,2026-04-23,8,79,East,6,379.26
845,2026-04-24,2,34,North,8,23.68
846,2026-04-25,20,36,West,2,240.34
847,2026-04-26,1,6,North,6,131.47
848,2026-04-27,5,39,East,1,474.25
849,2026-04-28,9,42,West,4,318.33
850,2026-04-29,17,58,South,3,148.57
851,2026-04-30,9,12,South,9,479.56
852,2026-05-01,11,3,West,3,399.21
853,2026-05-02,15,18,West,6,462.74
854,2026-05-03,6,40,North,1,42.92
855,2026-05-04,3,21,West,6,357.97
856,2026-05-05,17,15,North,4,421.3
857,2026-05-06,5,97,East,8,62.89
858,2026-05-07,12,99,North,9,239.58
859,2026-05-08,18,26,West,4,216.6
860,2026-05-09,14,8,West,6,363.44
861,2026-05-10,11,100,East,1,250.45
862,2026-05-11,9,94,West,4,156.77
863,2026-05-12,2,87,West,7,460.32
864,2026-05-13,12,42,South,1,259.67
865,2026-05-14,3,44,South,8,68.4
866,2026-05-15,3,14,East,6,25.31
867,2026-05-16,1,78,North,5,222.18
868,2026-05-17,8,2,South,9,137.53
869,2026-05-18,8,37,North,2,168.57
870,2026-05-19,11,69,West,5,428.61
871,2026-05-20,9,38,South,6,293.97
872,2026-05-21,5,41,East,7,98.18
873,2026-05-22,14,62,East,5,386.89
874,2026-05-23,3,60,East,9,65.19
875,2026-05-24,5,14,South,1,24.02
876,2026-05-25,5,89,North,7,118.9
877,2026-05-26,19,84,West,7,295.35
878,2026-05-27,14,2,North,4,252.43
879,2026-05-28,4,70,North,9,491.08
880,2026-05-29,13,17,West,5,324.95
881,2026-05-30,10,89,West,4,148.71
882,2026-05-31,18,28,South,7,269.72
883,2026-06-01,8,66,South,4,486.18
884,2026-06-02,8,35,South,3,150.16
885,2026-06-03,7,5,South,9,443.53
886,2026-06-04,8,65,South,8,286.42
887,2026-06-05,14,40,West,1,299.34
888,2026-06-06,19,76,North,7,346.64
889,2026-06-07,6,56,South,9,343.13
890,2026-06-08,1,36,South,8,336.24
891,2026-06-09,15,45,North,8,222.25
892,2026-06-10,1,23,South,6,364.41
893,2026-06-11,17,47,North,4,279.29
894,2026-06-12,1,31,North,8,31.23
895,2026-06-13,15,11,West,3,22.32
896,2026-06-14,2,10,East,9,252.88
897,2026-06-15,14,67,West,2,236.55
898,2026-06-16,8,14,East,2,387.66
899,2026-06-17,8,80,East,7,30.44
900,2026-06-18,19,74,East,4,355.86
901,2026-06-19,7,93,South,8,79.21
902,2026-06-20,19,10,West,9,21.37
903,2026-06-21,6,76,East,7,101.12
904,2026-06-22,6,94,North,5,315.81
905,2026-06-23,3,1,South,8,454.51
906,2026-06-24,7,5,West,4,181.81
907,2026-06-25,19,20,East,2,218.48
908,2026-06-26,8,8,North,6,194.63
909,2026-06-27,10,43,West,9,481.22
910,2026-06-28,20,76,West,1,475.82
911,2026-06-29,15,1,South,7,167.49
912,2026-06-30,15,57,West,9,341.24
913,2026-07-01,1,64,South,9,380.33
914,2026-07-02,20,84,East,3,112.66
915,2026-07-03,7,28,South,5,126.3
916,2026-07-04,4,37,North,8,255.55
917,2026-07-05,6,47,South,8,199.63
918,2026-07-06,1,76,North,4,242.42
919,2026-07-07,5,37,South,1,132.56
920,2026-07-08,1,49,West,1,228.73
921,2026-07-09,4,44,East,4,323.29
922,2026-07-10,2,56,North,6,349.75
923,2026-07-11,10,28,South,8,227.85
924,2026-07-12,5,79,South,6,473.05
925,2026-07-13,10,6,South,9,114.8
926,2026-07-14,1,61,West,9,207.43
927,2026-07-15,6,20,West,2,35.32
928,2026-07-16,13,78,North,1,312.94
929,2026-07-17,15,2,North,2,218.67
930,2026-07-18,4,73,West,5,140.0
931,2026-07-19,13,37,North,4,223.46
932,2026-07-20,20,20,East,4,344.21
933,2026-07-21,15,26,East,9,343.98
934,2026-07-22,8,29,West,8,37.8
935,2026-07-23,5,1,North,6,455.11
936,2026-07-24,15,35,South,1,249.02
937,2026-07-25,4,70,East,2,341.03
938,2026-07-26,12,59,West,6,376.73
939,2026-07-27,13,69,North,2,462.17
940,2026-07-28,2,33,West,5,105.61
941,2026-07-29,19,51,South,5,341.52
942,2026-07-30,19,78,East,6,249.22
943,2026-07-31,4,12,West,6,89.47
944,2026-08-01,4,20,West,6,344.05
945,2026-08-02,11,53,West,2,221.31
946,2026-08-03,5,88,South,3,227.76
947,2026-08-04,20,43,West,6,209.95
948,2026-08-05,11,98,South,8,344.15
949,2026-08-06,10,89,South,1,316.25
950,2026-08-07,8,50,South,1,427.85
951,2026-08-08,6,29,East,2,303.74
952,2026-08-09,6,57,East,6,363.4
953,2026-08-10,8,39,West,9,210.19
954,2026-08-11,15,95,West,4,152.22
955,2026-08-12,14,56,East,3,359.05
956,2026-08-13,11,43,North,8,433.27
957,2026-08-14,12,50,East,9,261.52
958,2026-08-15,13,23,South,5,321.49
959,2026-08-16,8,44,East,9,124.1
960,2026-08-17,18,38,South,2,401.36
961,2026-08-18,1,84,West,3,194.83
962,2026-08-19,15,23,North,7,360.87
963,2026-08-20,8,45,West,7,176.14
964,2026-08-21,11,52,South,6,493.07
965,2026-08-22,12,80,South,6,451.91
966,2026-08-23,12,50,South,2,373.87
967,2026-08-24,4,8,North,6,331.53
968,2026-08-25,16,85,East,4,28.62
969,2026-08-26,4,1,West,3,212.5
970,2026-08-27,5,8,West,2,92.22
971,2026-08-28,5,29,East,1,497.49
972,2026-08-29,8,96,West,5,407.37
973,2026-08-30,10,5,North,2,401.36
974,2026-08-31,17,86,West,2,208.77
975,2026-09-01,9,47,South,7,108.01
976,2026-09-02,19,34,East,8,477.4
977,2026-09-03,14,65,North,8,179.04
978,2026-09-04,8,55,East,4,238.65
979,2026-09-05,9,90,North,1,294.65
980,2026-09-06,11,43,South,7,420.02
981,2026-09-07,1,74,East,1,69.73
982,2026-09-08,14,30,West,4,325.06
983,2026-09-09,5,82,North,8,242.06
984,2026-09-10,14,17,East,2,288.05
985,2026-09-11,4,26,West,6,443.81
986,2026-09-12,1,8,East,6,488.07
987,2026-09-13,19,47,East,9,50.85
988,2026-09-14,8,76,East,5,280.75
989,2026-09-15,15,91,North,4,320.47
990,2026-09-16,15,72,West,5,436.64
991,2026-09-17,9,89,South,5,46.23
992,2026-09-18,9,46,North,8,340.28
993,2026-09-19,10,68,North,8,117.22
994,2026-09-20,20,33,North,2,184.45
995,2026-09-21,9,1,South,7,363.12
996,2026-09-22,3,19,West,8,152.01
997,2026-09-23,20,31,West,6,297.79
998,2026-09-24,11,80,West,5,473.6
999,2026-09-25,6,14,East,9,186.17
1000,2026-09-26,2,53,East,3,63.4
